Workbook

Sheet 매칭목록
A1: 번호 | B1: 제품 분류 | C1: 한국어 검색어 | D1: 중국어 검색어 | E1: 샤오홍슈 검색 링크 | F1: 네이버쇼핑 검색 링크 | G1: 샤오홍슈 영상 URL | H1: 영상 내용 요약 | I1: 네이버 상품 URL | J1: 네이버 상품명 | K1: 판매가(원) | L1: 일치 여부 | M1: 사용 허가 확인 | N1: 확인일 | O1: 메모
A2: 1 | B2: 에어컨·냉난방 | C2: 에어컨 커버 | D2: 空调防尘罩 | E2: =HYPERLINK("https://www.xiaohongshu.com/search_result?keyword="&D2,"샤오홍슈 검색 열기") | F2: =HYPERLINK("https://search.shopping.naver.com/search/all?query="&C2,"네이버쇼핑 검색 열기") | L2: 미확인 | M2: 미확인
A3: 2 | B3: 에어컨·냉난방 | C3: 실외기 커버 | D3: 空调外机罩 | E3: =HYPERLINK("https://www.xiaohongshu.com/search_result?keyword="&D3,"샤오홍슈 검색 열기") | F3: =HYPERLINK("https://search.shopping.naver.com/search/all?query="&C3,"네이버쇼핑 검색 열기") | L3: 미확인 | M3: 미확인
A4: 3 | B4: 에어컨·냉난방 | C4: 에어컨 리모컨 | D4: 空调遥控器 | E4: =HYPERLINK("https://www.xiaohongshu.com/search_result?keyword="&D4,"샤오홍슈 검색 열기") | F4: =HYPERLINK("https://search.shopping.naver.com/search/all?query="&C4,"네이버쇼핑 검색 열기") | L4: 미확인 | M4: 미확인
A5: 4 | B5: 에어컨·냉난방 | C5: 에어컨 필터 | D5: 空调过滤网 | E5: =HYPERLINK("https://www.xiaohongshu.com/search_result?keyword="&D5,"샤오홍슈 검색 열기") | F5: =HYPERLINK("https://search.shopping.naver.com/search/all?query="&C5,"네이버쇼핑 검색 열기") | L5: 미확인 | M5: 미확인
A6: 5 | B6: 에어컨·냉난방 | C6: 에어컨 배관 커버 | D6: 空调管道装饰罩 | E6: =HYPERLINK("https://www.xiaohongshu.com/search_result?keyword="&D6,"샤오홍슈 검색 열기") | F6: =HYPERLINK("https://search.shopping.naver.com/search/all?query="&C6,"네이버쇼핑 검색 열기") | L6: 미확인 | M6: 미확인
A7: 6 | B7: 에어컨·냉난방 | C7: 에어컨 배수 호스 | D7: 空调排水管 | E7: =HYPERLINK("https://www.xiaohongshu.com/search_result?keyword="&D7,"샤오홍슈 검색 열기") | F7: =HYPERLINK("https://search.shopping.naver.com/search/all?query="&C7,"네이버쇼핑 검색 열기") | L7: 미확인 | M7: 미확인
A8: 7 | B8: 에어컨·냉난방 | C8: 에어컨 바람막이 | D8: 空调挡风板 | E8: =HYPERLINK("https://www.xiaohongshu.com/search_result?keyword="&D8,"샤오홍슈 검색 열기") | F8: =HYPERLINK("https://search.shopping.naver.com/search/all?query="&C8,"네이버쇼핑 검색 열기") | L8: 미확인 | M8: 미확인
A9: 8 | B9: 에어컨·냉난방 | C9: 에어컨 청소 스프레이 | D9: 空调清洗剂 | E9: =HYPERLINK("https://www.xiaohongshu.com/search_result?keyword="&D9,"샤오홍슈 검색 열기") | F9: =HYPERLINK("https://search.shopping.naver.com/search/all?query="&C9,"네이버쇼핑 검색 열기") | L9: 미확인 | M9: 미확인
A10: 9 | B10: 에어컨·냉난방 | C10: 에어컨 세척 커버 | D10: 空调清洗罩 | E10: =HYPERLINK("https://www.xiaohongshu.com/search_result?keyword="&D10,"샤오홍슈 검색 열기") | F10: =HYPERLINK("https://search.shopping.naver.com/search/all?query="&C10,"네이버쇼핑 검색 열기") | L10: 미확인 | M10: 미확인
A11: 10 | B11: 에어컨·냉난방 | C11: 리모컨 홀더 | D11: 遥控器收纳架 | E11: =HYPERLINK("https://www.xiaohongshu.com/search_result?keyword="&D11,"샤오홍슈 검색 열기") | F11: =HYPERLINK("https://search.shopping.naver.com/search/all?query="&C11,"네이버쇼핑 검색 열기") | L11: 미확인 | M11: 미확인
A12: 11 | B12: 에어컨·냉난방 | C12: 실외기 받침대 | D12: 空调外机支架 | E12: =HYPERLINK("https://www.xiaohongshu.com/search_result?keyword="&D12,"샤오홍슈 검색 열기") | F12: =HYPERLINK("https://search.shopping.naver.com/search/all?query="&C12,"네이버쇼핑 검색 열기") | L12: 미확인 | M12: 미확인
A13: 12 | B13: 에어컨·냉난방 | C13: 실외기 방진 패드 | D13: 空调减震垫 | E13: =HYPERLINK("https://www.xiaohongshu.com/search_result?keyword="&D13,"샤오홍슈 검색 열기") | F13: =HYPERLINK("https://search.shopping.naver.com/search/all?query="&C13,"네이버쇼핑 검색 열기") | L13: 미확인 | M13: 미확인
... A101: 100 | B101: 생활소품 | C101: 차량용 선풍기 | D101: 车载风扇 | E101: =HYPERLINK("https://www.xiaohongshu.com/search_result?keyword="&D101,"샤오홍슈 검색 열기") | F101: =HYPERLINK("https://search.shopping.naver.com/search/all?query="&C101,"네이버쇼핑 검색 열기") | L101: 미확인 | M101: 미확인

Sheet 요약
A1: 항목 | B1: 값
A2: 샤오홍슈 영상 URL 입력 수 | B2: =COUNTA(매칭목록!G2:G101)
A3: 네이버 상품 URL 입력 수 | B3: =COUNTA(매칭목록!I2:I101)
A4: 일치 | B4: =COUNTIF(매칭목록!L2:L101,"일치")
A5: 유사 | B5: =COUNTIF(매칭목록!L2:L101,"유사")
A6: 불일치 | B6: =COUNTIF(매칭목록!L2:L101,"불일치")
A7: 미확인 | B7: =COUNTIF(매칭목록!L2:L101,"미확인")
A8: 원작자 허락받음 | B8: =COUNTIF(매칭목록!M2:M101,"원작자 허락받음")
A9: 직접 촬영 | B9: =COUNTIF(매칭목록!M2:M101,"직접 촬영")
A10: 사용 가능 (일치 + 허락/직접촬영) | B10: =SUMPRODUCT((매칭목록!L2:L101="일치")*((매칭목록!M2:M101="원작자 허락받음")+(매칭목록!M2:M101="직접 촬영")))
A11: 남은 작업(URL 미입력 행) | B11: =100-COUNTA(매칭목록!G2:G101)
A13: ※ 값은 '매칭목록' 시트를 채우면 자동으로 바뀝니다.

Sheet 사용법
A1: 샤오홍슈 제품 영상 ↔ 네이버쇼핑 판매 상품 매칭 정리표 (100개)
A2: 작성일: 2026-09-18
A4: [중요] 이 파일에는 영상 주소가 미리 들어 있지 않습니다.
A5: 샤오홍슈(xiaohongshu.com)와 네이버쇼핑은 자동 프로그램의 접속을 막고 있어, 영상 주소를 자동으로 모을 수 없었습니다.
A6: 확인되지 않은 주소를 지어내지 않기 위해, 검색어 100개와 검색 링크, 입력 칸을 준비했습니다. 영상 주소는 사용자가 직접 확인해서 붙여넣습니다.
A8: [색 안내]
A9: 파란 글씨(C·D열): 검색어. 원하는 제품으로 바꿔도 됩니다. 바꾸면 E·F열 검색 링크가 자동으로 따라 바뀝니다.
A10: 노란 칸(G·I열): 반드시 채워야 하는 칸. 샤오홍슈 영상 주소와 네이버 상품 주소.
A11: E·F열: 클릭하면 브라우저에서 검색 결과가 열립니다. (수식이므로 지우지 마세요)
A13: [작업 순서]
A14: 1단계. '매칭목록' 시트에서 E열 '샤오홍슈 검색 열기'를 클릭합니다. (샤오홍슈는 로그인해야 영상이 보이는 경우가 많습니다)
A15: 2단계. 제품이 잘 보이는 영상 하나를 열고, 주소창의 주소를 복사해 G열에 붙여넣습니다.
... A28: - 검색어의 중국어 번역은 일반적인 표현으로 넣었습니다. 검색 결과가 적으면 D열을 다른 표현으로 바꿔 보세요.
